{
  "BB": 0.8075908315816764,
  "BC": -0.3561016665109734,
  "BE": 0.35349571361829474,
  "BG": -0.0,
  "BH": -0.23107782961233592,
  "BP": 0.3564701712849821,
  "BS": -0.0,
  "BT": 0.0,
  "CB": -0.13909356371577902,
  "CC": -0.1067808614713718,
  "CE": 0.28289772830203425,
  "CG": 0.013972500668186396,
  "CH": -0.24840432121052153,
  "CI": -0.0,
  "CP": -0.4240662948061948,
  "CS": 0.022667935030746718,
  "CT": 0.16389983205639375,
  "EB": 0.2547275690627069,
  "EC": -0.14854343752630667,
  "EE": -0.038230172316598116,
  "EG": -0.468515522718502,
  "EH": -0.0,
  "EP": -0.09299417417277411,
  "ES": -0.007308974531236438,
  "ET": 0.26904492662252283,
  "GB": 1.0202007523342647,
  "GC": -0.042009487610425264,
  "GE": 0.36098515849494595,
  "GG": 0.03511440659218212,
  "GH": -0.5219086899373935,
  "GI": -0.0,
  "GP": 1.9758170951752598,
  "GS": 0.7942177613728496,
  "GT": -0.0,
  "HB": -0.23825670160053905,
  "HC": 0.14038367523983122,
  "HE": -0.44237808343130575,
  "HG": 0.3951465354472938,
  "HH": -0.1100265505650817,
  "HI": -0.1013560274492671,
  "HP": -0.0,
  "HS": 0.03371866830650276,
  "HT": 0.49857034476443074,
  "IC": 0.6514139757813303,
  "IG": -0.0,
  "IH": -0.7359777525031462,
  "II": -0.08012886174659153,
  "IS": 0.9029621186755672,
  "IT": 0.0,
  "PB": 0.7321688420832501,
  "PC": -0.11236909888184887,
  "PE": -0.22373441664372093,
  "PG": -0.3784492772559008,
  "PH": -0.3002826089528429,
  "PP": -0.12810312044070793,
  "PS": -0.0,
  "PT": -0.05906163082074003,
  "SB": -0.6469092999234635,
  "SC": 0.06578533434759605,
  "SE": 0.13057121265677557,
  "SG": -0.3587455290357674,
  "SH": -0.09759906319303367,
  "SI": -0.0,
  "SP": -0.0,
  "SS": 0.0814793529769607,
  "ST": 0.06335005788207655,
  "TB": 0.00866701820898641,
  "TC": 0.42930698857707994,
  "TE": 0.45491661552161666,
  "TG": -0.37098183560744347,
  "TH": -0.009584356039035789,
  "TI": -0.0,
  "TP": -0.03836586429905605,
  "TS": 0.3237569294056573,
  "TT": 0.27258299947215514
}