{
  "AA": -0.9819001348243585,
  "AB": -0.026240317170758025,
  "AC": 0.32130622267780806,
  "AD": -0.0,
  "AE": -0.0,
  "AF": 0.0,
  "AG": -0.0,
  "AH": -0.0,
  "AI": -0.1572574788598073,
  "AJ": -0.5682986125818277,
  "AK": -0.22048482079441636,
  "AL": 0.14689609549771518,
  "AM": -0.0,
  "AN": -0.18214370029974344,
  "AO": -0.0,
  "AP": -0.0,
  "AQ": -0.544484965837181,
  "AR": -0.18933270100740543,
  "AS": 0.2413094548499483,
  "AT": -0.2564766702433997,
  "AU": -0.0,
  "AV": -0.36639538025768403,
  "AW": 0.23908498976096848,
  "BA": -0.8918597209123883,
  "BB": 5.8393088354920895e-05,
  "BC": 0.32855262689476455,
  "BD": -0.0,
  "BF": 0.17994132482105005,
  "BG": 0.8525156807471646,
  "BH": -0.0,
  "BI": -0.12890442730040755,
  "BJ": 0.18753835798989896,
  "BK": -0.0558871808787721,
  "BL": -0.0,
  "BM": 0.9810723945487513,
  "BN": -0.0871886223759852,
  "BO": -0.0,
  "BP": -0.0,
  "BQ": 0.1395333225606249,
  "BR": 0.01395244611275163,
  "BS": 0.026879427802736593,
  "BT": -0.02343419525190598,
  "BU": 0.5139360312832332,
  "BV": -0.26296169486464926,
  "BW": 0.16704722130055455,
  "CA": -0.44058185484016177,
  "CB": -0.15178524524913503,
  "CC": -0.14811427334757293,
  "CD": -0.0,
  "CE": -0.24106342311798457,
  "CF": 0.07439341482407723,
  "CG": -0.06861196874919254,
  "CH": 0.09790488464013689,
  "CI": 1.5425407266780022,
  "CJ": 0.2878304463735264,
  "CK": 0.0,
  "CL": -0.4219787334045935,
  "CM": 0.247005662921687,
  "CN": 0.09261073361429882,
  "CP": 1.6125858977694978,
  "CQ": -0.0,
  "CR": 0.0,
  "CS": 0.20672193129508976,
  "CT": 0.0,
  "CU": 0.3916415046478502,
  "CV": 0.34929359139584665,
  "CW": -0.0,
  "DA": -0.0,
  "DB": -0.08366866729629524,
  "DC": -0.20147553150177447,
  "DD": -0.0,
  "DF": 0.4425381803773687,
  "DG": -0.0,
  "DI": -0.016469324346614723,
  "DJ": -0.011436487652274913,
  "DL": 0.07413619151484668,
  "DM": -0.32087812562315876,
  "DN": -0.0,
  "DO": 1.7051219816989436,
  "DP": -0.0,
  "DQ": -0.0,
  "DR": 0.0,
  "DS": -0.0,
  "DT": 0.0,
  "DU": -0.0,
  "DV": -0.09641188156856918,
  "DW": -0.2173449925019149,
  "EA": -0.0,
  "EB": -0.01030297685979574,
  "EC": -0.15164894456734335,
  "ED": -0.0,
  "EE": -0.0,
  "EF": -0.22000445864931278,
  "EG": 0.0,
  "EH": -0.0,
  "EI": 0.04825346153759055,
  "EJ": -0.4042100893485124,
  "EK": -0.17567042865612592,
  "EL": 0.6080359236231856,
  "EM": -0.04160203372994118,
  "EN": 0.0,
  "EO": -0.0,
  "EP": -0.0,
  "EQ": -0.0,
  "ER": -0.31663084297306043,
  "ES": 0.10913783504951984,
  "ET": -0.02848176458970435,
  "EU": 0.1411529397957807,
  "EV": -0.23100208206761189,
  "EW": -0.0,
  "FA": -0.21155493331994024,
  "FB": 1.0007784355865257,
  "FC": 0.02657032507497723,
  "FF": 0.0,
  "FG": -0.0,
  "FI": -0.0,
  "FJ": 0.7016645304103871,
  "FK": -0.0,
  "FL": 0.04610418394137781,
  "FM": 0.8136143506588135,
  "FN": 0.5740434714024988,
  "FO": 0.09315209527534987,
  "FP": -0.0,
  "FQ": -0.05443987842628187,
  "FR": 0.4515131160463261,
  "FS": 0.09781784942301806,
  "FT": 0.3302819685159753,
  "FU": -0.0029798843665227097,
  "FV": 0.011660603687969614,
  "FW": -0.0,
  "GA": -0.0,
  "GB": 0.0,
  "GC": -0.5720828005061384,
  "GE": -0.0,
  "GF": -0.664841481561575,
  "GG": -0.0,
  "GI": -0.0,
  "GJ": 1.4710053803945506,
  "GK": -0.0,
  "GL": 0.019545018235088463,
  "GM": 0.3945043831877464,
  "GN": -0.0,
  "GO": 1.257752500316466,
  "GP": -0.0,
  "GQ": 0.0,
  "GR": 0.3055439945521402,
  "GS": 0.014939785876890705,
  "GT": -0.018978022888630392,
  "GU": -0.15425517971564567,
  "GV": -0.05544404265841697,
  "GW": 0.0,
  "HA": -0.0,
  "HB": 0.36449602678560566,
  "HC": 0.0559261785996056,
  "HE": -0.0,
  "HF": 0.09029043565186762,
  "HG": -0.0,
  "HH": -0.0,
  "HI": -0.030589748645077273,
  "HJ": 2.2611907788160392,
  "HK": -0.0,
  "HL": 0.0,
  "HM": -0.0,
  "HN": -0.0,
  "HQ": -0.0,
  "HR": -0.31757350630750086,
  "HS": -0.24571329777833997,
  "HT": 0.0700400493092639,
  "HU": 0.3024432395634882,
  "HV": -0.0,
  "HW": -0.0,
  "IA": -0.677279421376055,
  "IB": -0.13283909223196969,
  "IC": 0.0067479855828323715,
  "IE": -0.0,
  "IF": -0.011148596014432417,
  "IG": -0.0,
  "IH": 0.9404617241451376,
  "II": -0.2535033537364268,
  "IJ": -0.20001506389328558,
  "IK": -0.8320392769623538,
  "IL": -0.06614186959728949,
  "IM": 0.8056864801624029,
  "IN": 0.6687922614413108,
  "IP": -0.0,
  "IQ": -0.0,
  "IR": 0.8298125205614438,
  "IS": 0.1647466428461532,
  "IT": -0.009740107435393974,
  "IU": 0.35054978858231917,
  "IV": 0.06043029461704725,
  "IW": -0.0,
  "JA": -0.41916901917480726,
  "JB": -0.0220517575049411,
  "JC": 0.057701934110393066,
  "JD": 0.0393962019756699,
  "JE": -0.0,
  "JF": 0.18039214236261142,
  "JG": -0.23756448848013706,
  "JH": -0.0,
  "JI": -0.0,
  "JJ": -0.41801766519451156,
  "JK": -0.18266124685500085,
  "JL": -0.0,
  "JM": -0.3491614719441347,
  "JN": 0.0,
  "JO": 1.2604256743201387,
  "JP": -0.0,
  "JQ": 0.3518003429360071,
  "JR": -0.009952522541456751,
  "JT": 0.23990860987146242,
  "JU": -0.0,
  "JV": 0.004201390874682679,
  "JW": 0.5784291219919279,
  "KA": -0.2220574048699688,
  "KB": -0.03633610669010171,
  "KC": 0.4496652981178904,
  "KD": -0.0,
  "KE": -0.0,
  "KF": 0.0,
  "KG": 0.04761488372806552,
  "KH": -0.0,
  "KI": -0.0,
  "KJ": -0.07590220411321828,
  "KK": 0.45143307062437543,
  "KL": 0.0,
  "KM": 0.2469055060154695,
  "KN": -0.10326111511436507,
  "KP": 0.1264933784495149,
  "KR": -0.024011779690546915,
  "KS": 0.41205677465535373,
  "KT": -0.3767276525832848,
  "KU": -0.015493999980581987,
  "KV": 0.08696047227641752,
  "KW": -0.0,
  "LA": -0.0,
  "LB": -0.0,
  "LC": -0.2025565075269552,
  "LD": -0.16015419608392975,
  "LF": 0.14277686448566088,
  "LG": -0.0,
  "LI": -0.0,
  "LJ": 0.0,
  "LL": -0.20659636139403215,
  "LM": 2.1865624505917056,
  "LN": -0.0,
  "LO": 0.0375090642656055,
  "LQ": -0.6596506709285952,
  "LR": 0.23346662221398198,
  "LS": -0.0,
  "LT": 0.0,
  "LU": 0.0,
  "LV": -0.042115633079823904,
  "LW": 0.0,
  "MA": -0.0,
  "MB": -0.0,
  "MC": -0.540543136385129,
  "MD": -0.2362570140559336,
  "MF": 0.017657799293166413,
  "MG": -0.0,
  "MI": 0.5239734334561619,
  "MJ": 0.11325884298701122,
  "MK": -0.0,
  "ML": -0.1057252399619654,
  "MM": 0.06629424185467335,
  "MN": 2.4914168100681917,
  "MO": 1.3307798587205966,
  "MP": 1.7081989648872007,
  "MQ": 0.41091919352220707,
  "MR": -0.03938134897158489,
  "MS": 1.1395769096866435,
  "MT": 0.03092930665640084,
  "MU": -0.0,
  "MV": 0.00982436099181535,
  "MW": 0.0,
  "NA": -0.17523276040498498,
  "NB": -0.12325496595162166,
  "NC": -0.0,
  "ND": -0.0,
  "NE": 0.2143706594027427,
  "NF": -0.5772049061456663,
  "NG": -0.5688450091878196,
  "NH": -0.0,
  "NJ": 0.10537399863309273,
  "NK": 0.030656302184284317,
  "NL": -0.0,
  "NM": -0.0,
  "NN": 0.2342987976549733,
  "NP": 1.4154998507945358,
  "NR": 0.486629697490959,
  "NS": -0.23331407494513146,
  "NT": -0.18281923475081627,
  "NU": 0.10257761873009355,
  "NV": 0.5521176394941817,
  "NW": -0.0,
  "OA": -0.0,
  "OB": -0.23116540392258625,
  "OC": -0.0,
  "OD": -0.0,
  "OE": 1.768342410813146,
  "OF": -0.0,
  "OG": 0.0,
  "OH": 0.5792276520808894,
  "OJ": 0.1233818996865903,
  "OK": 0.6881812896740089,
  "OL": -0.0,
  "OM": 0.2099862600618859,
  "ON": -0.0,
  "OP": 0.8517586100506558,
  "OR": 0.7171900821768092,
  "OS": -0.0,
  "OT": 0.9394865508970425,
  "OU": 1.8840056750806513,
  "OV": 0.36692738177204376,
  "OW": -0.0,
  "PA": -0.5406032259438184,
  "PB": -0.4346964194759211,
  "PC": -0.0,
  "PD": 1.0020825230647483,
  "PE": -0.04536668100729297,
  "PF": 1.3664461053130772,
  "PG": -0.6777900486632769,
  "PH": -0.24001765083013638,
  "PJ": -0.0,
  "PK": -0.23187967697061213,
  "PL": -0.0,
  "PM": -0.024884437074838582,
  "PN": 0.8531645984870291,
  "PP": 0.44183153777935197,
  "PR": 0.1847906600727677,
  "PS": -0.0,
  "PT": -0.0,
  "PU": -0.0,
  "PV": 0.012744379172064205,
  "QA": -0.0,
  "QB": -0.4165100620585555,
  "QD": -0.0,
  "QE": -0.0,
  "QF": -0.0,
  "QG": -0.0,
  "QH": -0.21598575933169425,
  "QJ": -0.11995091626972809,