{
  "AA": -0.017850795053740064,
  "AC": 0.07177212791380803,
  "AD": 0.19168899347827514,
  "AE": -0.14234174279897138,
  "AF": -0.35769986397742065,
  "AG": 0.01606242735211172,
  "AH": 0.0,
  "AI": -0.024639848967985108,
  "AK": 0.07556009724092404,
  "AL": -0.049173411513752124,
  "AM": -0.0,
  "AN": 0.0057468784905359786,
  "AP": -0.00448426633979387,
  "AQ": -0.0,
  "AR": -0.029396366256522068,
  "AS": 0.22243564712764538,
  "AT": -0.14415250895400486,
  "AV": -0.06939043609835052,
  "AW": -0.09896130250451844,
  "AY": -0.03571089725895591,
  "CA": -0.07585050635739699,
  "CC": 0.6773586995006333,
  "CD": 0.5320907710228452,
  "CE": 0.10642765466771274,
  "CF": 0.0,
  "CG": -0.06905669439079334,
  "CH": -0.06610499008090955,
  "CI": 0.8719628393032267,
  "CK": 0.0962094430475967,
  "CL": -0.10015378380372052,
  "CM": -0.24092866964601425,
  "CN": -0.23032773167601717,
  "CP": 0.4510526162409829,
  "CQ": -0.0,
  "CR": 0.1475679272916297,
  "CS": -0.0966039316954121,
  "CT": 0.16450069537995163,
  "CV": -0.5397853545993124,
  "CW": 0.0,
  "CY": 0.09511115502615268,
  "DA": -0.02365428944131443,
  "DC": 0.0,
  "DD": 0.6518223268211617,
  "DE": 0.13899385428402708,
  "DF": 0.6546934180475525,
  "DG": 0.3341043475659419,
  "DH": -0.0,
  "DI": 0.05021252222680279,
  "DK": 0.04583671086599331,
  "DL": -0.16316412479549897,
  "DM": -0.052306639523002574,
  "DN": 0.04026735685451345,
  "DP": 0.4249965709664347,
  "DQ": -0.07304924642971238,
  "DR": -0.05260739550170843,
  "DS": -0.09977325587315791,
  "DT": 0.13466159688266469,
  "DV": -0.0025993542310176775,
  "DW": 0.07897224040800907,
  "DY": 0.05586797387481397,
  "EA": -0.09064243046127698,
  "EC": -0.0,
  "ED": 0.24017252924600035,
  "EE": 0.10630065798005153,
  "EF": -0.20926380873659556,
  "EG": 0.24692445885077305,
  "EH": -0.0,
  "EI": -0.28899360348105924,
  "EK": 0.1593177538662813,
  "EL": 0.3613699727978955,
  "EM": 0.0,
  "EN": 0.3633063888672698,
  "EP": 0.05307857937645395,
  "EQ": 0.0,
  "ER": -0.391114889685498,
  "ES": 0.22580381631913335,
  "ET": 0.08856862607869817,
  "EV": -0.0631276257542777,
  "EW": 0.21796314286999388,
  "EY": 0.26029179862818025,
  "FA": 0.09915511325646356,
  "FC": -0.0,
  "FD": -0.011688734725528628,
  "FE": -0.24066999686039908,
  "FF": -0.0,
  "FG": 0.3638119408316777,
  "FH": 0.0,
  "FI": 0.0,
  "FK": -0.1908511334921837,
  "FL": -0.02279430688108105,
  "FM": -0.14922191870483273,
  "FN": 0.0,
  "FP": -0.008046314224615634,
  "FQ": -0.0,
  "FR": 0.09360221931214632,
  "FS": -0.555322906578284,
  "FT": 0.8554521736529133,
  "FV": -0.02779292671610981,
  "FW": 0.0,
  "FY": 0.0,
  "GA": 0.009967666523053283,
  "GC": -0.25313381399404916,
  "GD": -0.016860012048886312,
  "GE": 0.009209394904378249,
  "GF": 0.5592656271541381,
  "GG": 0.08768047294176384,
  "GH": 0.02585066791816845,
  "GI": -0.05080448747782009,
  "GK": -0.0023074178458731827,
  "GL": -0.00443394922395896,
  "GM": -0.6799057567460242,
  "GN": -0.11743013338210748,
  "GP": -0.034164308951413216,
  "GQ": 0.03250216308763328,
  "GR": 0.7706061068111122,
  "GS": 0.12836364006347528,
  "GT": -0.18105140230345246,
  "GV": 0.07011420095286597,
  "GW": 0.04882545065051126,
  "GY": -0.05802447120499083,
  "HA": 0.0,
  "HC": 0.23433583470378225,
  "HD": -0.20973574295886216,
  "HE": -0.015326733485363923,
  "HF": 0.5597765501874565,
  "HG": -0.00951116672591036,
  "HH": -0.5747068997921585,
  "HI": 0.013336902866194588,
  "HK": 0.0,
  "HL": 0.11048929900240402,
  "HM": -0.025941710313835572,
  "HN": 0.21138205157274445,
  "HP": -0.20722988699265552,
  "HQ": 0.10010328351561854,
  "HR": 0.0,
  "HS": 0.039531994083009996,
  "HT": -0.01861184436441978,
  "HV": -0.04134193331502088,
  "HW": 0.10106643351728904,
  "HY": 0.04007458359790546,
  "IA": 0.032419644626238905,
  "IC": 0.024432475942651653,
  "ID": -0.07462849130397084,
  "IE": 0.0,
  "IF": 0.27381613104272,
  "IG": -0.26739250288652594,
  "IH": -0.2650811391879172,
  "II": -0.04214410838491846,
  "IK": -0.11494570156850265,
  "IL": -0.22083111427221913,
  "IM": 0.0948897386370085,
  "IN": 0.2360007493670305,
  "IP": 0.05159829445059966,
  "IQ": -0.11577532382781727,
  "IR": -0.0,
  "IS": -0.4849288444160578,
  "IT": 0.0030184033253714284,
  "IV": -0.0,
  "IW": -0.21771092253038773,
  "IY": 0.010328604911547344,
  "KA": 0.1066349503393167,
  "KC": 0.0,
  "KD": 0.04197777373210807,
  "KE": 0.5167388313463483,
  "KF": -0.1278901784236055,
  "KG": -0.20146024195993886,
  "KH": 0.10908239354270519,
  "KI": -0.2585256099653691,
  "KK": -0.06401425668346848,
  "KL": 0.07730790888230422,
  "KM": -0.05039161911867512,
  "KN": 0.16644970490667058,
  "KP": 0.039253215402891464,
  "KQ": 0.08122500997785793,
  "KR": -0.26132524331318346,
  "KS": 0.04951816797261386,
  "KT": 0.03525752917753165,
  "KV": 0.35112419356014873,
  "KW": 0.03212546721672327,
  "KY": -0.2763014221562197,
  "LA": -0.03642670366359628,
  "LC": 0.18500777393554665,
  "LD": -0.08215893039131988,
  "LE": -0.050416597971801806,
  "LF": -0.3339294428705231,
  "LG": -0.0010202126238599797,
  "LH": -0.007776789564048167,
  "LI": 0.02622181276503493,
  "LK": -0.11617730875415432,
  "LL": -0.010863385804163718,
  "LM": -0.009908483886711372,
  "LN": -0.09944966097630219,
  "LP": 0.032210000543908206,
  "LQ": -0.11165442156680253,
  "LR": -0.0,
  "LS": -0.24263663241060715,
  "LT": -0.0,
  "LV": -0.30469805046717346,
  "LW": -0.01861184436441978,
  "LY": -0.42378255222531147,
  "MA": -0.17388123984497134,
  "MC": -0.0,
  "MD": -0.5811935378025411,
  "ME": -0.06628859635230026,
  "MF": -0.05524975980895311,
  "MG": 0.05123522304368987,
  "MH": -0.22326984191359933,
  "MI": -0.09600269587050109,
  "MK": 0.21064603912556157,
  "ML": -0.22053491412003415,
  "MM": 0.18793307297022957,
  "MN": -0.0,
  "MP": -0.2380057890389307,
  "MQ": -0.43714983191518614,
  "MR": -0.3281570004892122,
  "MS": -0.30167448672263636,
  "MT": -0.9047599846683994,
  "MV": 0.01590448481646544,
  "MW": -0.24767423845366618,
  "MY": -0.7471440516221218,
  "NA": 0.07626400722624423,
  "NC": 0.5308271762452057,
  "ND": -0.0,
  "NE": 0.2565679031845501,
  "NF": -0.4576203308075091,
  "NG": 0.01024045113580606,
  "NH": 0.40921874506872735,
  "NI": 0.0333037036160897,
  "NK": 0.5520089989011543,
  "NL": -0.0,
  "NM": -0.583223870252769,
  "NN": 0.3333890543558162,
  "NP": -0.16611991973823448,
  "NQ": -0.4297188449074997,
  "NR": 0.4740170228188662,
  "NS": 0.08519376959749826,
  "NT": -0.0,
  "NV": 0.1969395232205812,
  "NW": -0.5327276097370912,
  "NY": 0.0,
  "PA": -0.19933459397885392,
  "PC": -0.18951898650099958,
  "PD": 0.13628631587333942,
  "PE": 0.4676739676057495,
  "PF": 0.0,
  "PG": -0.2595821268835305,
  "PH": 0.0,
  "PI": 0.24140013690448098,
  "PK": -0.0,
  "PL": -0.002024540895906058,
  "PM": -0.11770472470475914,
  "PN": 0.09985207065514787,
  "PP": 0.29128863591281506,
  "PQ": 0.38072005238895584,
  "PR": 0.1398790672471053,
  "PS": 0.021327944779037735,
  "PT": 0.1305814387805542,
  "PV": -0.043495197890561964,
  "PW": 0.17970725883145988,
  "PY": -0.0,
  "QA": -0.04487292796478476,
  "QC": -0.0,
  "QD": -0.009672092244330958,
  "QE": -0.024237400611904998,
  "QF": 0.05521859415958778,
  "QG": 0.014299760536947741,
  "QH": -0.10588382497578198,
  "QI": -0.007033086340009277,
  "QK": 0.029494001994185105,
  "QL": -0.17372086534053313,
  "QM": -0.3247242295824144,
  "QN": 0.05586046971902476,
  "QP": 0.19588796501208036,
  "QQ": -0.009461518533723342,
  "QR": -0.00746514168947342,
  "QS": 0.24836887900040425,
  "QT": 0.011265817220399928,
  "QV": 0.11723342024280677,
  "QW": -0.3443562148252219,
  "QY": -0.5746941422774845,
  "RA": 0.20607075140908793,
  "RC": -0.6747705787587038,
  "RD": 0.011868745362061001,
  "RE": -0.28084607243195137,
  "RF": -0.0,
  "RG": -0.25072461409873936,
  "RH": 0.9558934427246083,
  "RI": -0.11205467363431357,
  "RK": 0.20564434419852493,
  "RL": 0.008528613732496531,
  "RM": 0.0,
  "RN": -0.10365654175790169,
  "RP": -0.028350210728609233,
  "RQ": -0.24267123769759466,