{
  "AA": -0.0,
  "AC": -0.875,
  "AD": 0.32169811320754715,
  "AE": 0.009999999999999988,
  "AF": -0.17387096774193547,
  "AG": 0.30301886792452826,
  "AH": 0.12473684210526317,
  "AI": 0.017499999999999988,
  "AK": 0.6133333333333334,
  "AL": -0.0,
  "AM": 0.05124999999999999,
  "AN": -0.22499999999999998,
  "AP": 0.14397058823529407,
  "AQ": -0.43214285714285705,
  "AR": -0.07269230769230767,
  "AS": 0.29453124999999986,
  "AT": -0.788,
  "AV": 0.17368421052631577,
  "AW": -0.06285714285714285,
  "AY": -0.0,
  "CA": -0.06428571428571428,
  "CC": 0.0,
  "CD": 0.4,
  "CE": 0.0,
  "CF": 0.0,
  "CG": -0.4623529411764706,
  "CH": -0.42500000000000004,
  "CI": 0.22333333333333333,
  "CK": 0.1866666666666667,
  "CL": -0.1725,
  "CM": -0.0,
  "CN": -0.62,
  "CP": 0.0,
  "CQ": -0.6599999999999999,
  "CR": -0.30857142857142855,
  "CS": 0.0,
  "CT": -0.14500000000000002,
  "CV": -0.78,
  "CW": -0.0,
  "CY": 0.0,
  "DA": 0.150948275862069,
  "DC": -0.1663636363636364,
  "DD": 0.020714285714285716,
  "DE": 0.6639999999999998,
  "DF": 0.24374999999999988,
  "DG": 0.47813559322033894,
  "DH": -0.0,
  "DI": -0.02235294117647057,
  "DK": -0.0,
  "DL": 0.0,
  "DM": 0.0,
  "DN": 0.10000000000000005,
  "DP": 0.925,
  "DQ": 0.045000000000000005,
  "DR": 0.13239130434782614,
  "DS": -0.09444444444444443,
  "DT": 0.23142857142857146,
  "DV": -0.20759615384615382,
  "DW": 0.0,
  "DY": 2.3100000000000005,
  "EA": -0.010500000000000008,
  "EC": -0.0,
  "ED": -0.07328125,
  "EE": 0.0,
  "EF": -0.11652173913043477,
  "EG": 0.04965116279069769,
  "EH": 0.08333333333333333,
  "EI": -0.34750000000000003,
  "EK": 0.04424528301886793,
  "EL": 0.44066037735849056,
  "EM": 0.04411764705882355,
  "EN": 0.6545454545454545,
  "EP": -0.0,
  "EQ": 0.2314285714285715,
  "ER": -0.16499999999999998,
  "ES": 0.6309677419354838,
  "ET": 1.9032258064516125,
  "EV": -0.051666666666666645,
  "EW": -0.2858333333333333,
  "EY": -0.21788461538461537,
  "FA": -0.030000000000000002,
  "FC": 0.0,
  "FD": -0.49499999999999994,
  "FE": 0.03400000000000001,
  "FF": -0.11062500000000001,
  "FG": 0.0,
  "FH": -0.34153846153846146,
  "FI": -0.0,
  "FK": 0.03794117647058825,
  "FL": -0.06923076923076923,
  "FM": -0.12,
  "FN": 0.0,
  "FP": -0.0,
  "FQ": 0.10875000000000005,
  "FR": 0.5926470588235295,
  "FS": -0.14437499999999998,
  "FT": 0.0,
  "FV": 0.0,
  "FW": -0.0,
  "FY": -0.06285714285714285,
  "GA": 0.18000000000000005,
  "GC": -0.1325,
  "GD": -0.1714285714285714,
  "GE": 0.40111111111111103,
  "GF": 0.47250000000000003,
  "GG": 0.3704545454545455,
  "GH": -0.044210526315789464,
  "GI": -0.23437499999999997,
  "GK": 0.0,
  "GL": 0.3666666666666668,
  "GM": -0.5673684210526315,
  "GN": -0.57,
  "GP": -0.432,
  "GQ": 0.0,
  "GR": 0.6321428571428571,
  "GS": -0.03999999999999998,
  "GT": -0.011818181818181823,
  "GV": 0.24057692307692316,
  "GW": -0.31499999999999995,
  "GY": 0.15967741935483876,
  "HA": 1.0022222222222223,
  "HC": -0.2566666666666666,
  "HD": 0.0,
  "HE": -0.0,
  "HF": 0.0,
  "HG": 0.271923076923077,
  "HH": -0.62,
  "HI": 1.0571428571428574,
  "HK": -0.64,
  "HL": 0.0,
  "HM": 0.47250000000000003,
  "HN": 3.7600000000000007,
  "HP": -0.0,
  "HQ": 0.0,
  "HR": -0.0,
  "HS": -0.088125,
  "HT": -0.10499999999999998,
  "HV": 0.10363636363636364,
  "HW": -0.36,
  "HY": 2.895,
  "IA": 0.012777777777777773,
  "IC": -0.15749999999999997,
  "ID": 0.4539705882352941,
  "IE": -0.13749999999999998,
  "IF": 0.03799999999999999,
  "IG": -0.44426470588235295,
  "IH": 0.0,
  "II": -0.05770270270270272,
  "IK": -0.10402173913043479,
  "IL": -0.3378260869565217,
  "IM": -0.12222222222222223,
  "IN": 0.026923076923076942,
  "IP": 0.09499999999999999,
  "IQ": -0.0,
  "IR": -0.03483870967741936,
  "IS": -0.6063636363636363,
  "IT": 0.0,
  "IV": -0.025833333333333333,
  "IW": -0.11555555555555555,
  "IY": -0.19999999999999996,
  "KA": 0.010000000000000004,
  "KC": 0.0,
  "KD": 0.4341071428571428,
  "KE": 0.7155555555555557,
  "KF": -0.3218181818181819,
  "KG": -0.3022222222222221,
  "KH": -0.0,
  "KI": -0.4114285714285714,
  "KK": 0.4257142857142856,
  "KL": -0.10246376811594204,
  "KM": 0.0,
  "KN": 0.8584615384615386,
  "KP": 0.1405263157894737,
  "KQ": 0.5811764705882354,
  "KR": -0.04625000000000001,
  "KS": 0.0,
  "KT": 1.012916666666667,
  "KV": 0.27897435897435896,
  "KW": 0.0,
  "KY": -0.7006249999999999,
  "LA": -0.0,
  "LC": -0.0,
  "LD": -0.01826086956521739,
  "LE": 0.03319672131147539,
  "LF": 0.0,
  "LG": 0.05966101694915255,
  "LH": -0.0,
  "LI": 0.395,
  "LK": 0.0,
  "LL": -0.02630136986301371,
  "LM": 0.05029411764705886,
  "LN": -0.025833333333333333,
  "LP": -0.07473684210526314,
  "LQ": -0.36,
  "LR": 0.0,
  "LS": -0.6570967741935483,
  "LT": 0.17926829268292674,
  "LV": -0.11875000000000002,
  "LW": -0.1375,
  "LY": 0.0,
  "MA": 0.04058823529411767,
  "MC": -0.0,
  "MD": -0.0,
  "ME": -0.43,
  "MF": 0.0,
  "MG": 0.3357894736842106,
  "MH": -0.39,
  "MI": -0.12,
  "MK": 0.22928571428571431,
  "ML": -0.44,
  "MM": 1.0575,
  "MN": 0.0,
  "MP": 0.0,
  "MQ": -0.5900000000000001,
  "MR": 0.0,
  "MS": -0.34714285714285714,
  "MT": -0.76,
  "MV": 0.0,
  "MW": -0.0,
  "MY": -0.595,
  "NA": -0.17666666666666664,
  "NC": 0.1966666666666667,
  "ND": -0.0,
  "NE": 1.0,
  "NF": -0.42,
  "NG": -0.1357142857142857,
  "NH": 1.069090909090909,
  "NI": 0.0,
  "NK": 0.23357142857142862,
  "NL": -0.015000000000000008,
  "NM": -0.31791666666666657,
  "NN": -0.0,
  "NP": -0.09857142857142856,
  "NQ": -0.29166666666666663,
  "NR": 0.0,
  "NS": -0.03583333333333333,
  "NT": 0.0,
  "NV": -0.0,
  "NW": -0.42500000000000004,
  "NY": 1.0285714285714287,
  "PA": -0.21187499999999998,
  "PC": -0.64,
  "PD": 0.4688709677419356,
  "PE": 0.16545454545454538,
  "PF": 0.11413043478260873,
  "PG": 0.21200000000000002,
  "PH": 0.0,
  "PI": 0.029230769230769234,
  "PK": 0.03529411764705884,
  "PL": 0.08874999999999998,
  "PM": -0.385,
  "PN": -0.0,
  "PP": 0.19294117647058828,
  "PQ": 0.660625,
  "PR": -0.0,
  "PS": 0.13935483870967744,
  "PT": 0.1765384615384616,
  "PV": 0.0725,
  "PW": 1.71,
  "PY": -0.13111111111111112,
  "QA": 0.8877777777777778,
  "QC": -0.42000000000000004,
  "QD": -0.0,
  "QE": -0.19421052631578947,
  "QF": -0.49058823529411766,
  "QG": -0.0,
  "QH": 0.511875,
  "QI": -0.44454545454545447,
  "QK": 0.0,
  "QL": -0.11374999999999999,
  "QM": -0.0,
  "QN": 0.2791304347826087,
  "QP": -0.0,
  "QQ": 0.03523809523809527,
  "QR": -0.3195238095238095,
  "QS": 0.09428571428571428,
  "QT": 0.15750000000000003,
  "QV": 0.14080645161290326,
  "QW": -0.42000000000000004,
  "QY": -0.30624999999999997,
  "RA": 1.2351724137931035,
  "RC": -0.0,
  "RD": 0.6627272727272727,
  "RE": -0.45791666666666664,
  "RF": -0.13043478260869565,
  "RG": -0.8145454545454546,
  "RH": 0.0,
  "RI": -0.03416666666666665,
  "RK": -0.07448275862068963,
  "RL": 0.17437499999999995,
  "RM": -0.1390909090909091,
  "RN": 0.05875,
  "RP": -0.03789473684210527,
  "RQ": -0.41294117647058814,
  "RR": -0.4323913043478261,
  "RS": -0.024999999999999998,
  "RT": -0.2222222222222222,
  "RV": -0.5262162162162163,
  "RW": 1.8550000000000006,
  "RY": -0.1256818181818182,
  "SA": -0.036346153846153854,
  "SC": 0.06625000000000003,
  "SD": -0.0,
  "SE": 0.09124999999999998,
  "SF": -0.05486486486486487,
  "SG": -0.03731707317073172,
  "SH": -0.0,
  "SI": 0.0,
  "SK": -0.2208695652173913,
  "SL": 0.0,
  "SM": -0.0,
  "SN": 0.0,
  "SP": -0.23242424242424245,
  "SQ": 0.0,
  "SR": 0.0,
  "SS": -0.6799999999999999,
  "ST": 0.32470588235294123,
  "SV": -0.013636363636363643,
  "SW": -0.785,
  "SY": -0.24818181818181817,
  "TA": -0.08079545454545456,
  "TC": -0.14454545454545456,
  "TD": -0.0,
  "TE": 0.15666666666666665,
  "TF": 0.6652631578947369,
  "TG": -0.009491525423728818,
  "TH": 0.9411111111111112,
  "TI": -0.019999999999999993,
  "TK": -0.4316666666666666,
  "TL": 1.3189534883720933,
  "TM": 1.67,
  "TN": -0.0,
  "TP": 0.42333333333333345,
  "TQ": 0.5617391304347826,
  "TR": -0.40978260869565214,
  "TS": -0.0,
  "TT": -0.026206896551724115,