{
  "AA": 0.0,
  "AC": 0.07821324369159606,
  "AD": 0.08570967781743592,
  "AE": -0.11061254651429654,
  "AF": -0.4438905396508309,
  "AG": 0.0017904906265516825,
  "AH": -0.0,
  "AI": 0.00264498677187116,
  "AK": 0.058846408339570014,
  "AL": -0.09000017030297966,
  "AM": -0.0,
  "AN": 0.1421072267026473,
  "AP": -0.012662001723162087,
  "AQ": 0.0,
  "AR": -0.007656096885886846,
  "AS": 0.23996462568691,
  "AT": -0.06467169823959265,
  "AV": -0.008839730566245875,
  "AW": -0.09503071254448593,
  "AY": -0.023095023004329363,
  "CA": -0.030580764124561174,
  "CC": 0.8168231550021986,
  "CD": 0.4801402788420562,
  "CE": 0.17847318296494946,
  "CF": 0.17342335923147623,
  "CG": -0.07867735972353611,
  "CH": 0.0,
  "CI": 0.5476139547063851,
  "CK": 0.3650230161951517,
  "CL": -0.05967283860283229,
  "CM": -0.38738708376039643,
  "CN": -0.23971272052182743,
  "CP": 0.4350723785961498,
  "CQ": -0.04683192169299128,
  "CR": 0.15727681240716576,
  "CS": -0.0,
  "CT": 0.042062408488417934,
  "CV": -0.5881268219979483,
  "CW": 0.3143687380827509,
  "CY": -0.20700211385473216,
  "DA": -0.03922223029843481,
  "DC": 0.09903149230125119,
  "DD": 0.5148582564188394,
  "DE": 0.3101131149339334,
  "DF": 0.4522094382907388,
  "DG": 0.4772922804417805,
  "DH": -0.0,
  "DI": 0.11967445261475106,
  "DK": 0.07940634135889367,
  "DL": -0.07366822572481246,
  "DM": -0.05974088282486588,
  "DN": 0.1130051389335206,
  "DP": 0.5022435114012815,
  "DQ": -0.10861791646091203,
  "DR": -0.0901726157511731,
  "DS": 0.015406172230472288,
  "DT": 0.0,
  "DV": -0.009320507591592213,
  "DW": 0.24646832581449324,
  "DY": 0.08192303205910764,
  "EA": -0.10701187871151012,
  "EC": -0.03430232625697834,
  "ED": 0.08838418951979589,
  "EE": 0.1810947323885625,
  "EF": -0.2041472527624497,
  "EG": 0.24358583577370962,
  "EH": 0.0,
  "EI": -0.32097378232590174,
  "EK": 0.007798512028022974,
  "EL": 0.4774546890411958,
  "EM": 0.0,
  "EN": 0.12588640730061795,
  "EP": 0.0065280391723634085,
  "EQ": 0.06681118530728347,
  "ER": -0.3414244062774723,
  "ES": 0.30326410680792065,
  "ET": 0.08488030185870118,
  "EV": -0.07754314065788574,
  "EW": 0.2274918065658847,
  "EY": 0.26328912305661645,
  "FA": 0.16444900119910658,
  "FC": -0.0,
  "FD": 0.003916951583473729,
  "FE": -0.11687350552082446,
  "FF": 0.0,
  "FG": 0.16909556957209265,
  "FH": 0.0,
  "FI": -0.0,
  "FK": -0.2851838528086243,
  "FL": -0.13502880726061448,
  "FM": -0.024992494429511153,
  "FN": -0.0,
  "FP": -0.03329905430209795,
  "FQ": 0.0,
  "FR": 0.2032270628354608,
  "FS": -0.49620267655606615,
  "FT": 0.6696074522607226,
  "FV": -0.0,
  "FW": 0.05973857753287461,
  "FY": 0.0,
  "GA": 0.001744608113883312,
  "GC": -0.25873170230655534,
  "GD": 0.010930200185130528,
  "GE": 0.0028125693267509765,
  "GF": 0.5951293954252823,
  "GG": 0.0015675296630721495,
  "GH": 0.02559151879921071,
  "GI": -0.013794039369857727,
  "GK": -0.0,
  "GL": -0.008215902126691453,
  "GM": -0.6962069378474923,
  "GN": -0.1934680869740007,
  "GP": -0.08746483572077424,
  "GQ": 0.0,
  "GR": 0.6144951956197956,
  "GS": 0.06512856465769806,
  "GT": -0.19423470434736317,
  "GV": 0.030959880295777616,
  "GW": -0.01589770893458328,
  "GY": -0.08236335431762133,
  "HA": -0.0324272288512883,
  "HC": 0.4761665155106749,
  "HD": -0.09914599762590486,
  "HE": -0.014482298722739317,
  "HF": 0.567251156282608,
  "HG": -0.0,
  "HH": -0.5252157231777845,
  "HI": 0.088158967045556,
  "HK": -0.02852183234699108,
  "HL": 0.0,
  "HM": -0.0,
  "HN": 0.028431122777268367,
  "HP": -0.04908872873884181,
  "HQ": 0.1127382935327788,
  "HR": -0.05766167902894119,
  "HS": 0.0,
  "HT": -0.01724128234414504,
  "HV": -0.03941440957729391,
  "HW": -0.0,
  "HY": 0.09223341934165916,
  "IA": 0.058004237587786805,
  "IC": 0.0,
  "ID": -0.04771049380169166,
  "IE": -0.02760800877110489,
  "IF": 0.3348709604646372,
  "IG": -0.28174347322832216,
  "IH": -0.4408276599055083,
  "II": -0.02516528535733238,
  "IK": -0.12975972515994771,
  "IL": -0.2354496360384275,
  "IM": 0.02667594653552653,
  "IN": 0.06424822590719613,
  "IP": 0.05349136864959054,
  "IQ": -0.0864653337593523,
  "IR": -0.01678081784102429,
  "IS": -0.45033057806987836,
  "IT": -0.003777313015047155,
  "IV": 0.009782392854060547,
  "IW": -0.15477409355195537,
  "IY": -0.0,
  "KA": 0.033394032002658704,
  "KC": 0.0,
  "KD": 0.11550287527150015,
  "KE": 0.48896080243823165,
  "KF": -0.13120489523252918,
  "KG": -0.20335094241017,
  "KH": 0.19247245041344738,
  "KI": -0.2195043991054983,
  "KK": -0.06199133430431906,
  "KL": 0.11647309756217311,
  "KM": -0.0592373555818173,
  "KN": 0.20358180049838698,
  "KP": 0.14401709033436988,
  "KQ": 0.09180217141383047,
  "KR": -0.2048392676546422,
  "KS": 0.034248028598472584,
  "KT": 0.03354488343767239,
  "KV": 0.09575254394473508,
  "KW": 0.03479524015271799,
  "KY": -0.1433336532592789,
  "LA": -0.12074087742897616,
  "LC": 0.3132414675523269,
  "LD": -0.08034524571795092,
  "LE": -0.016094823576255194,
  "LF": -0.35158159581552545,
  "LG": 0.001033219186661416,
  "LH": 0.041117105980965116,
  "LI": 0.04549401821630486,
  "LK": -0.13077981450287127,
  "LL": -0.012853675346575916,
  "LM": -0.009801873904380382,
  "LN": -0.1184320824180793,
  "LP": 0.06039739686926474,
  "LQ": -0.1083607124604692,
  "LR": -0.0013890453438905512,
  "LS": -0.28317854968975636,
  "LT": -0.0,
  "LV": -0.286583155725025,
  "LW": -0.13129766144231808,
  "LY": -0.4608479046970955,
  "MA": -0.0675972615740557,
  "MC": -0.0,
  "MD": -0.577261417999085,
  "ME": -0.10376158959804989,
  "MF": -0.056384309333484525,
  "MG": 0.018378744874845275,
  "MH": -0.2302030870396709,
  "MI": -0.0,
  "MK": 0.3007399160114471,
  "ML": -0.5188414257987151,
  "MM": 0.35343340257986144,
  "MN": -0.09207352199029649,
  "MP": -0.30763918017828745,
  "MQ": -0.4273838030437345,
  "MR": -0.29829862989472183,
  "MS": -0.3049616724967321,
  "MT": -0.9142532899166502,
  "MV": 0.050531711344244945,
  "MW": -0.3943530930852266,
  "MY": -0.7484018523087048,
  "NA": 0.0754719983602356,
  "NC": 0.6963911456485371,
  "ND": -0.04501208150579698,
  "NE": 0.29439723413080154,
  "NF": -0.45759327173158293,
  "NG": 0.011494394515227963,
  "NH": 0.5261306883145821,
  "NI": 0.004503677947716325,
  "NK": 0.4141695404305968,
  "NL": 0.002230749241784376,
  "NM": -0.5867144746664569,
  "NN": 0.28301198282275963,
  "NP": -0.07773925324743189,
  "NQ": -0.518857303206285,
  "NR": 0.02659019816777827,
  "NS": 0.08304615402273122,
  "NT": -0.0,
  "NV": 0.27294731178795933,
  "NW": -0.5322512605032818,
  "NY": 0.013380672438568398,
  "PA": -0.27531638359423,
  "PC": -0.0990906651760375,
  "PD": 0.18434175074632989,
  "PE": 0.4334493180919844,
  "PF": -0.02861781785310086,
  "PG": -0.25815511565502947,
  "PH": 0.26366218470610314,
  "PI": 0.3695265424430838,
  "PK": -0.0,
  "PL": 0.0022304983420833526,
  "PM": -0.22502369879974363,
  "PN": 0.10227491150592935,
  "PP": 0.33031064940094124,
  "PQ": 0.46233784256082705,
  "PR": 0.4892260211092988,
  "PS": 0.1571337903217051,
  "PT": 0.0,
  "PV": -0.04123453737065263,
  "PW": 0.17840000312535545,
  "PY": -0.07205491794327579,
  "QA": -0.0926729957126122,
  "QC": -0.0,
  "QD": -0.0369299712840772,
  "QE": -0.13667920589364402,
  "QF": 0.09399999412928003,
  "QG": 0.05381222157752502,
  "QH": -0.10153405488722174,
  "QI": -0.0,
  "QK": 0.008095404367413604,
  "QL": -0.15965081058498903,
  "QM": -0.587657409034179,
  "QN": 0.08338959070556447,
  "QP": 0.2653095598970948,
  "QQ": -0.010909698545415429,
  "QR": -0.0,
  "QS": 0.2526269586608562,
  "QT": 0.09679492511840158,
  "QV": 0.2319604830015083,
  "QW": -0.11728792691008595,
  "QY": -0.5748358363210352,
  "RA": 0.17688652234532126,
  "RC": -0.6798683318064416,
  "RD": 0.19353300550430197,
  "RE": -0.24188753204629335,
  "RF": -0.07924995374003128,
  "RG": -0.23918369209009735,
  "RH": 0.852306017543186,
  "RI": -0.08427614718490507,
  "RK": 0.03850067385275488,
  "RL": 0.02808424376778528,
  "RM": 0.020334951281939028,
  "RN": -0.006532304084715175,