{
  "AA": -0.057896247627650624,
  "AC": 0.2828304891922639,
  "AD": 0.12793332742466088,
  "AE": -0.005386104843561238,
  "AF": -0.31083788119266925,
  "AG": 0.08891463086042749,
  "AH": -0.02707346865457157,
  "AI": -0.006965642704811456,
  "AK": 0.04120300267286298,
  "AL": -0.05053567380330379,
  "AM": -0.05389430361690214,
  "AN": 0.029510549526402568,
  "AP": -0.03330849311232564,
  "AQ": 0.0023599243964512765,
  "AR": -0.03841936551369885,
  "AS": 0.2727721326352257,
  "AT": -0.16463267152367925,
  "AV": -0.13750132167066392,
  "AW": -0.2701622058559368,
  "AY": 0.0,
  "CA": -0.07857616110811727,
  "CC": 0.8677654032692652,
  "CD": 0.9105682248414422,
  "CE": 0.12835146770067454,
  "CF": -0.05758170340527084,
  "CG": -0.07619274294952397,
  "CH": -0.0,
  "CI": 0.7374536169775975,
  "CK": 0.05306360295848804,
  "CL": -0.21551804850869477,
  "CM": -0.398,
  "CN": -0.819,
  "CP": 0.5258062256919285,
  "CQ": -0.274564790816632,
  "CR": 0.4720199198162422,
  "CS": -0.0,
  "CT": 0.20840141308903654,
  "CV": -0.33865876518670607,
  "CW": 0.0,
  "CY": -0.24955970130103414,
  "DA": 0.006124889014344733,
  "DC": 0.0,
  "DD": 0.5225402849991717,
  "DE": 0.04216244993784569,
  "DF": 0.8129150709538353,
  "DG": 0.2686809844663974,
  "DH": -0.06450493982396266,
  "DI": 0.016989362704907123,
  "DK": 0.13837328878295463,
  "DL": -0.10545920629157139,
  "DM": -0.20014071313095022,
  "DN": 0.008012586777121475,
  "DP": 0.44537570889681516,
  "DQ": 0.0,
  "DR": -0.11903094401044058,
  "DS": -0.05137291180168855,
  "DT": 0.19154406999228651,
  "DV": -0.01914915702224846,
  "DW": 0.2917899872741027,
  "DY": 0.05861400691047029,
  "EA": -0.009256715908146347,
  "EC": -0.0,
  "ED": 0.15407185984148988,
  "EE": 0.11067498781082394,
  "EF": -0.21351710354718062,
  "EG": 0.22565304751714574,
  "EH": -0.0,
  "EI": -0.36745420645830923,
  "EK": 0.15308127453191103,
  "EL": 0.2631803696150636,
  "EM": 0.15319290461649004,
  "EN": 0.2849904796119993,
  "EP": 0.012370258805322564,
  "EQ": 0.0,
  "ER": -0.40094830766701783,
  "ES": 0.3525358369534138,
  "ET": 0.2631920579950272,
  "EV": -0.10590240375383737,
  "EW": 0.08237299546495863,
  "EY": 0.39845458595293703,
  "FA": 0.031069965870307165,
  "FC": -0.0,
  "FD": 0.03234251419502462,
  "FE": -0.1737426573381596,
  "FF": 0.018132902614057665,
  "FG": 0.34394055956811237,
  "FH": 0.0,
  "FI": 0.00729014042836462,
  "FK": -0.26508937488773127,
  "FL": -0.11501730570548288,
  "FM": -0.1724983414166816,
  "FN": 0.012619898822379395,
  "FP": 0.0,
  "FQ": -0.0,
  "FR": 0.2073184028626661,
  "FS": -0.5881455840347123,
  "FT": 0.7971066131991094,
  "FV": -0.10643139114466849,
  "FW": 0.0,
  "FY": -0.01283875217052871,
  "GA": 0.0986751208772904,
  "GC": -0.145219419831881,
  "GD": -0.007738583134128319,
  "GE": 0.06189800715550277,
  "GF": 0.44869517630889677,
  "GG": 0.02115816418178549,
  "GH": 0.01229654027207768,
  "GI": -0.025556747530466946,
  "GK": -0.0024789903752626442,
  "GL": 0.029479531612392296,
  "GM": -0.7414453295370417,
  "GN": -0.12235987283281868,
  "GP": -0.1674191043373727,
  "GQ": 0.03486695407460631,
  "GR": 0.5798579530249319,
  "GS": 0.1964597979937977,
  "GT": -0.08262592661075771,
  "GV": 0.0,
  "GW": 0.044967297311672025,
  "GY": 0.004046880252875554,
  "HA": -0.014828786984526167,
  "HC": -0.0,
  "HD": -0.11933221791680569,
  "HE": 0.0,
  "HF": 0.6293135844352252,
  "HG": 0.0,
  "HH": -0.6341358721034669,
  "HI": 0.08867415124842824,
  "HK": -0.20177899434856506,
  "HL": 0.005968244546668648,
  "HM": -0.0,
  "HN": 0.5183968586180359,
  "HP": -0.3919838612859519,
  "HQ": 0.10766987278932669,
  "HR": -0.015811493839931138,
  "HS": 0.017856024858023255,
  "HT": 0.07598730293447842,
  "HV": 0.0,
  "HW": 0.12673152920368655,
  "HY": 0.046365679153773404,
  "IA": 0.0,
  "IC": 0.027429268338801018,
  "ID": -0.0167845067927193,
  "IE": -0.003375462314997831,
  "IF": 0.47253883334756636,
  "IG": -0.32628933166150637,
  "IH": -0.12798696357634423,
  "II": -0.0862520222741153,
  "IK": -0.009740849711662945,
  "IL": -0.3196710162540028,
  "IM": 0.11526222381893295,
  "IN": 0.2886283361538388,
  "IP": 0.091539033765201,
  "IQ": -0.19050905135421034,
  "IR": -0.01212502245374529,
  "IS": -0.40641673051473143,
  "IT": 0.0030296964253637574,
  "IV": -0.00879055418978028,
  "IW": -0.2728304219081887,
  "IY": 0.00973254996593809,
  "KA": 0.13883927519905018,
  "KC": 0.0,
  "KD": 0.013078358912590278,
  "KE": 0.5517247623279502,
  "KF": -0.07613154674954499,
  "KG": -0.20048411838220723,
  "KH": 0.13437458236033778,
  "KI": -0.2730632479928476,
  "KK": -0.11094208884687756,
  "KL": 0.04281600205085062,
  "KM": 0.0,
  "KN": 0.33112137748156956,
  "KP": 0.04485348565675637,
  "KQ": 0.08669963372142131,
  "KR": -0.2784456830103172,
  "KS": 0.006017430598990174,
  "KT": 0.03362557930662834,
  "KV": 0.36323208530050743,
  "KW": -0.0,
  "KY": -0.4969680258667146,
  "LA": -0.06938565135972571,
  "LC": 0.0,
  "LD": -0.22759419369949505,
  "LE": -0.004706954932681189,
  "LF": -0.3484362749369962,
  "LG": -0.004608229340552105,
  "LH": 0.0,
  "LI": 0.029722936268528233,
  "LK": -0.15647259849692646,
  "LL": -0.0,
  "LM": -0.083264093209368,
  "LN": -0.14166384021898001,
  "LP": 0.08243901649003058,
  "LQ": -0.2399843263376485,
  "LR": -0.04046924478431576,
  "LS": -0.16398123939473583,
  "LT": -0.0,
  "LV": -0.1779808900435359,
  "LW": -0.022365906233159708,
  "LY": -0.3745564936231364,
  "MA": -0.19346333234759105,
  "MC": -0.0,
  "MD": -0.46074545195517924,
  "ME": -0.10411255550408269,
  "MF": 0.0,
  "MG": 0.05172764262921751,
  "MH": -0.29224063571899034,
  "MI": -0.1073901129191108,
  "MK": 0.3677728697750558,
  "ML": -0.36710139294870753,
  "MM": 0.5679738818034848,
  "MN": -0.10085753988293551,
  "MP": -0.270080751671359,
  "MQ": -0.4975570519909709,
  "MR": -0.3629230371422132,
  "MS": -0.340183607482871,
  "MT": -0.988,
  "MV": 0.012698900265453181,
  "MW": -0.5529999999999999,
  "MY": -0.887,
  "NA": 0.07781468513462714,
  "NC": 0.5937172624393748,
  "ND": -0.007592032674984617,
  "NE": 0.27128874988112717,
  "NF": -0.48382653628721345,
  "NG": 0.0195618679047383,
  "NH": 0.4545133824321897,
  "NI": 0.0,
  "NK": 0.614826348122867,
  "NL": 0.04752460340004091,
  "NM": -0.6702184300341297,
  "NN": 0.3293868862483709,
  "NP": -0.17423133299249693,
  "NQ": -0.46411148479219516,
  "NR": 0.23319865499382036,
  "NS": 0.08500085796942505,
  "NT": 0.00985451224832245,
  "NV": 0.13002700062870493,
  "NW": -0.6159404319409708,
  "NY": 0.0339849424748126,
  "PA": -0.11189031182847482,
  "PC": -0.2256528295108303,
  "PD": 0.17458874076231154,
  "PE": 0.3597910652056764,
  "PF": -0.009618260359562916,
  "PG": -0.2078643793784804,
  "PH": 0.0,
  "PI": 0.21606934577046738,
  "PK": -0.0,
  "PL": -0.01202070485249221,
  "PM": -0.13907485180528112,
  "PN": 0.21736433642348937,
  "PP": 0.218476129291307,
  "PQ": 0.5158538063118361,
  "PR": 0.05327837145276652,
  "PS": 0.09172611066364578,
  "PT": 0.0055516840308963596,
  "PV": 0.0028764153001873747,
  "PW": 0.1948448317014895,
  "PY": -0.041400342055928185,
  "QA": -0.048399239992393914,
  "QC": -0.0,
  "QD": 0.0,
  "QE": -0.038947758992621984,
  "QF": 0.05294058830645606,
  "QG": 0.016142895634991907,
  "QH": -0.11727107879507347,
  "QI": -0.0064985708771238306,
  "QK": 0.0,
  "QL": -0.18043353743311902,
  "QM": -0.6830878390515538,
  "QN": 0.3321274456252772,
  "QP": 0.4520638955311691,
  "QQ": -0.012866610571695981,
  "QR": -0.05480155541455105,
  "QS": 0.057499524114652145,
  "QT": 0.1772713958083558,
  "QV": 0.16072888432353627,
  "QW": -0.4174407977461167,
  "QY": -0.4109171040187335,
  "RA": 0.24104837788899386,
  "RC": -0.821,
  "RD": 0.030210914548288597,
  "RE": -0.33454396894071076,
  "RF": -0.16188874154909677,
  "RG": -0.17605579919998945,
  "RH": 0.8206186969129309,
  "RI": -0.1311898372717403,
  "RK": 0.13749825228103993,
  "RL": 0.013190114786075883,
  "RM": -0.02058895165754465,
  "RN": -0.20995484610253065,
  "RP": -0.1914121789114424,
  "RQ": -0.07151901832225614,