{
  "AA": -0.11995315395574346,
  "AB": 0.04487233626943326,
  "AC": 0.01933350471598973,
  "AD": -0.016770706570017956,
  "AE": 0.06683735694138293,
  "AF": 0.049518446385325564,
  "AG": -0.2016755595081583,
  "AH": -0.20805433864547787,
  "AI": -0.0011622570333759408,
  "AJ": 0.162090238999914,
  "AK": 0.3437923614193245,
  "AL": -0.08798743669072535,
  "AM": -0.0,
  "AN": 0.2192820642956631,
  "AO": 1.10618836924111,
  "AP": 0.0,
  "AQ": -0.2178749607083829,
  "AR": -0.19089085422374735,
  "AS": -0.09904459778639159,
  "AT": 0.7110631793114539,
  "AU": -0.0,
  "AV": 0.0,
  "AW": -0.0,
  "BA": -0.08507086377694256,
  "BB": 0.013762126305523141,
  "BC": 0.6561941051985078,
  "BD": 0.8389367038497262,
  "BE": -0.181642498455569,
  "BF": 0.6640989954815766,
  "BG": 1.025014906180073,
  "BH": -0.5740772922363216,
  "BI": 0.07999813907554934,
  "BJ": 0.02241837040311938,
  "BK": 0.4094282358113981,
  "BL": 0.7284678672939838,
  "BM": 0.0,
  "BN": 0.0,
  "BO": 0.5031275080138348,
  "BP": -0.44773105064207974,
  "BQ": -0.44073756938075065,
  "BR": -0.20586613249047625,
  "BS": 0.22503689501508137,
  "BT": -0.005362283910839246,
  "BU": 0.0,
  "BV": -0.031745508349497915,
  "BW": -0.0,
  "CA": 0.03202049624433704,
  "CB": -0.027280571295849723,
  "CC": -0.13932084559821487,
  "CD": -0.15042750240212663,
  "CE": 0.040184988707160564,
  "CF": 0.06374502660453109,
  "CG": 1.292973794879259,
  "CH": -0.0,
  "CI": 0.0204619811641822,
  "CJ": 0.14704460889092336,
  "CK": -0.21108067779037384,
  "CL": 0.026093785199549583,
  "CM": -0.0,
  "CN": -0.02463468304203252,
  "CO": -0.0686079077013056,
  "CP": 0.3026711483043732,
  "CQ": 0.8212562956926696,
  "CR": -0.04185713245871124,
  "CS": 0.0,
  "CT": 0.0,
  "CU": 0.6371231010191747,
  "CV": -0.4546214422194856,
  "CW": 0.2437789905502426,
  "DA": -0.009840648109164005,
  "DB": -0.04206452002053023,
  "DC": 0.013970386928894997,
  "DD": -0.011632268552579077,
  "DE": -0.024108937249041687,
  "DF": -0.004319285636881639,
  "DG": -0.43838090937252294,
  "DH": -0.04353163873933056,
  "DI": 0.0,
  "DJ": -0.013875389092875428,
  "DK": -0.2849518147072818,
  "DL": -0.041125003337363686,
  "DM": 0.4347377089407945,
  "DN": 0.42006609334105255,
  "DO": -0.03553966454492295,
  "DP": 0.27455149152070274,
  "DQ": 0.020511863276021378,
  "DR": -0.7414287583808861,
  "DS": -0.6890279116571524,
  "DT": -0.17132546381886882,
  "DU": -0.06863073618930327,
  "DV": 0.3735253027952379,
  "DW": -0.17412225564901657,
  "EA": -0.18872526905636278,
  "EB": 0.1004360451601913,
  "EC": 0.0,
  "ED": 0.2027206488253778,
  "EE": -0.04422515099678182,
  "EF": -0.09104244969465895,
  "EG": 2.1385860724356722,
  "EH": 0.0,
  "EI": 0.0770887585931884,
  "EJ": -0.25052395124935806,
  "EK": -0.0,
  "EL": 0.9474641597069752,
  "EM": -0.5756812120959548,
  "EN": -0.42743844231003175,
  "EO": -0.18915244677472956,
  "EP": -0.016899298608036413,
  "EQ": -0.0,
  "ER": -0.0,
  "ES": 0.039422846986201014,
  "ET": -0.0,
  "EU": 0.10262386189622111,
  "EV": -0.15377190787254608,
  "EW": -0.0,
  "FA": -0.18081475981972095,
  "FB": -0.8315566711219252,
  "FC": 0.581696237927948,
  "FD": 0.5227287258181619,
  "FE": 0.12432645322554874,
  "FF": -0.3627489511684298,
  "FG": -0.0,
  "FH": -0.18991904623860828,
  "FI": -0.05448704832295986,
  "FJ": 0.0,
  "FK": -0.30539106251267717,
  "FL": 1.6321785112696767,
  "FM": 0.5237657648994117,
  "FN": 0.0,
  "FO": 0.11850963797813507,
  "FP": -0.0,
  "FQ": 1.6587333399007256,
  "FR": -0.0,
  "FS": 0.7611395108373953,
  "FT": -0.24884043088285118,
  "FU": -0.10848524833850395,
  "FV": 0.1663649740597252,
  "FW": 0.10443935281325227,
  "GA": -0.0,
  "GB": 0.8076007589428514,
  "GC": 1.0959747412488208,
  "GD": -0.4360541118989871,
  "GE": -0.0,
  "GF": 2.0617220584885434,
  "GG": -0.0,
  "GH": -0.0,
  "GI": -0.0,
  "GJ": -0.0,
  "GK": -0.40632593526011007,
  "GL": -0.0,
  "GM": -0.0,
  "GN": -0.0,
  "GO": -0.0,
  "GP": 0.9417735643479325,
  "GQ": -0.0,
  "GR": -0.0,
  "GS": -0.2109783632115214,
  "GT": 1.261822594984761,
  "GU": -0.0,
  "GV": 0.12711150621510717,
  "GW": -0.16031228492578942,
  "HA": 0.0,
  "HB": 0.0,
  "HC": 0.32392979559740553,
  "HD": 0.228489117761716,
  "HE": -0.40749893797744463,
  "HF": 0.0,
  "HG": -0.0,
  "HH": -0.0,
  "HI": -0.0,
  "HJ": -0.10174945512680773,
  "HK": 2.893945072503979,
  "HL": -0.0,
  "HM": -0.0,
  "HN": -0.0,
  "HO": 0.7725630363737245,
  "HP": 0.0,
  "HQ": -0.0,
  "HR": -0.0,
  "HS": 0.3172359414121098,
  "HT": -0.10954787079042068,
  "HU": -0.20137778366971024,
  "HV": 0.0,
  "HW": -0.18381074499351988,
  "IA": -0.15066840041455903,
  "IB": -0.02435859084417993,
  "IC": -0.19992171213311563,
  "ID": 0.30156454141067585,
  "IE": -0.22497105645041565,
  "IF": 0.6897535077850032,
  "IG": -0.1601031996833299,
  "IH": -0.1007784994839392,
  "II": 0.3265311093095688,
  "IJ": 0.46904089941679267,
  "IK": -0.05140819029908662,
  "IL": -0.34285645103270135,
  "IM": -0.675062660713025,
  "IN": -0.42002926063760837,
  "IO": 0.4098843013474834,
  "IP": -0.06891389473807147,
  "IQ": 0.35354244689711967,
  "IR": 0.5196944909008222,
  "IS": 0.024551607798179928,
  "IT": 0.0,
  "IU": 0.27709894324240125,
  "IV": -0.0,
  "IW": -0.12990106926581232,
  "JA": 0.04319145944721308,
  "JB": 0.03492429090939435,
  "JC": 0.09840600857707689,
  "JD": 0.0,
  "JE": 0.13500452275604455,
  "JF": 0.013736268107530822,
  "JG": 0.0,
  "JH": -0.24312159947447842,
  "JI": -0.0,
  "JJ": -0.22342405017087857,
  "JK": -0.060121930468254,
  "JL": 0.05665526798686516,
  "JM": -0.0,
  "JN": -0.4235360237196879,
  "JO": -0.5706144916909693,
  "JP": -0.6527931643694861,
  "JQ": 0.5212503991941568,
  "JR": -0.16826757322106622,
  "JS": 0.0475582645721173,
  "JT": 0.4355516150728365,
  "JU": 0.0,
  "JV": -0.7447434734766715,
  "JW": -0.10205457427895312,
  "KA": -0.14933749815016592,
  "KB": -0.6169604391566312,
  "KC": 0.7796880788134776,
  "KD": 0.0,
  "KE": -0.0,
  "KF": 0.733868245545818,
  "KG": -0.0,
  "KH": 0.0,
  "KI": -0.37347615644862525,
  "KJ": 0.1255840163343516,
  "KK": -0.10724648489169047,
  "KL": -0.08533528371299456,
  "KM": -0.18948589753666054,
  "KN": -0.0,
  "KO": 0.10939129398859994,
  "KP": 0.0,
  "KQ": 0.3349542852197644,
  "KR": -0.1949923377139329,
  "KS": 0.5679507334492101,
  "KT": 0.0539452810518928,
  "KU": -0.051670951657961386,
  "KV": -0.24817613146802806,
  "KW": -0.5145519283402383,
  "LA": 0.5691865041329965,
  "LB": 0.22906861513444593,
  "LC": -0.010908736231757395,
  "LD": -0.1847988087744357,
  "LE": -0.033916281624054835,
  "LF": -0.23921072776852514,
  "LG": -0.0,
  "LH": -0.18166973661229718,
  "LI": -0.377146855346184,
  "LJ": 0.1555206756424285,
  "LK": 0.0,
  "LL": -0.19223082163513447,
  "LM": -0.0,
  "LN": -0.18255773754394936,
  "LO": -0.0,
  "LP": -0.2447326559674177,
  "LQ": 0.0,
  "LR": -0.0,
  "LS": -0.0,
  "LT": 0.24146307917877527,
  "LU": 1.8120984803987297,
  "LV": -0.23334567304840412,
  "LW": 0.0,
  "MA": -0.7912462240294107,
  "MB": 1.0977680580028637,
  "MC": -0.038445798976438156,
  "MD": -0.0,
  "ME": -0.0,
  "MF": 0.3892671966740474,
  "MG": -0.0,
  "MH": 0.7750824498837678,
  "MI": 0.0,
  "MJ": -0.0,
  "MK": -0.0,
  "ML": -0.0,
  "MM": -0.0,
  "MN": -0.0,
  "MO": -0.0,
  "MP": -0.0,
  "MQ": -0.0,
  "MR": -0.0,
  "MS": -0.0,
  "MT": 0.9043240198840077,
  "MU": 0.5787306078418419,
  "MV": -0.0,
  "MW": -0.0,
  "NA": -0.03392845420257043,
  "NB": 0.10023453398660222,
  "NC": 0.3483646205983511,
  "ND": 0.861757159235714,
  "NE": 0.18770229907758065,
  "NF": -0.17628423169126262,
  "NG": -0.0,
  "NH": -0.0,
  "NI": -0.5546851811644281,
  "NJ": -0.403695047909505,
  "NK": -0.3834966146251385,
  "NL": 0.8508933863975029,
  "NM": -0.0,
  "NN": 0.6372998241811897,
  "NO": 0.7037712643404482,
  "NP": 0.316233203635722,
  "NQ": -0.0,
  "NR": -0.0,
  "NS": 0.6174933045432165,
  "NT": -0.19508279778535922,
  "NU": 0.42823638026015476,
  "NV": 0.0,
  "NW": -0.0,
  "OA": 0.4427947890096523,
  "OB": 0.41924294435911713,
  "OC": -0.32182589768430026,