{
  "AA": -0.017277166027213832,
  "AC": 0.07893731808426188,
  "AD": 0.19435480109907904,
  "AE": -0.1111552873811646,
  "AF": -0.37339180593242793,
  "AG": 0.01663485807806183,
  "AH": 0.0,
  "AI": -0.02485604396819489,
  "AK": 0.07506727316695389,
  "AL": -0.049166307775663054,
  "AM": -0.04102402022756002,
  "AN": 0.012639155182804934,
  "AP": -0.005188193151111973,
  "AQ": -0.0,
  "AR": -0.02907048507532403,
  "AS": 0.22569055924797118,
  "AT": -0.09409652899663455,
  "AV": -0.0912113462703748,
  "AW": -0.10805378239180934,
  "AY": -0.004252781593894383,
  "CA": -0.0815046524958579,
  "CC": 0.9469766777794589,
  "CD": 0.5979587141051111,
  "CE": 0.12459972511578501,
  "CF": 0.0,
  "CG": -0.0713094264254374,
  "CH": -0.0,
  "CI": 0.9881697988930085,
  "CK": 0.10896162444701225,
  "CL": -0.10445308702494903,
  "CM": -0.361,
  "CN": -0.815,
  "CP": 0.5343816344392468,
  "CQ": -0.0,
  "CR": 0.16953862287135812,
  "CS": -0.0,
  "CT": 0.1752396319496592,
  "CV": -0.5893708611060006,
  "CW": 0.0,
  "CY": 0.11880892179880802,
  "DA": -0.022820154757303885,
  "DC": 0.0,
  "DD": 0.669960650330345,
  "DE": 0.09372794767581574,
  "DF": 0.6747863139561737,
  "DG": 0.33637380861716687,
  "DH": -0.0,
  "DI": 0.0505624627841148,
  "DK": 0.04445240617174878,
  "DL": -0.1692220129518306,
  "DM": -0.02736923579532709,
  "DN": 0.006293561184009766,
  "DP": 0.5097223527988632,
  "DQ": -0.0799850272082669,
  "DR": -0.054284548574055506,
  "DS": -0.10357375740235543,
  "DT": 0.12161211469564161,
  "DV": 0.0,
  "DW": 0.09159749233673349,
  "DY": 0.05736781847959214,
  "EA": -0.1220584075316249,
  "EC": -0.0,
  "ED": 0.18754839050876138,
  "EE": 0.10960786877582895,
  "EF": -0.21892353259888023,
  "EG": 0.29131955578257146,
  "EH": -0.0,
  "EI": -0.34678848783508354,
  "EK": 0.07596449157133979,
  "EL": 0.38967606636204455,
  "EM": 0.0,
  "EN": 0.377249691991052,
  "EP": 0.007814985781323183,
  "EQ": 0.0,
  "ER": -0.39745981015122617,
  "ES": 0.2006792367531007,
  "ET": 0.22214949302097578,
  "EV": -0.03577387618635676,
  "EW": 0.4424981036662452,
  "EY": 0.27018654447791113,
  "FA": 0.09653031830603159,
  "FC": -0.0,
  "FD": -0.0,
  "FE": -0.24869524391415912,
  "FF": -0.0,
  "FG": 0.29365033252514183,
  "FH": 0.0,
  "FI": 0.0,
  "FK": -0.1986571125939015,
  "FL": -0.024685350710718056,
  "FM": -0.15580933905451105,
  "FN": 0.0,
  "FP": -0.00848818585992107,
  "FQ": -0.006967040635723327,
  "FR": 0.10009683406407187,
  "FS": -0.4962409960897303,
  "FT": 0.8033201908166379,
  "FV": -0.027476246544465392,
  "FW": 0.0,
  "FY": -0.0,
  "GA": 0.009695734654544342,
  "GC": -0.2735739393350013,
  "GD": -0.017636904495742498,
  "GE": 0.009056439375681978,
  "GF": 0.5265913757808822,
  "GG": 0.051214290725118704,
  "GH": 0.025131024518443307,
  "GI": -0.025921633360318542,
  "GK": 0.0,
  "GL": -0.0046167060319128135,
  "GM": -0.557750332589723,
  "GN": -0.018165028209143907,
  "GP": -0.0928465266718111,
  "GQ": 0.03288574166894487,
  "GR": 0.6924142105600447,
  "GS": 0.16782209831783929,
  "GT": -0.17793876570108377,
  "GV": 0.0697010693611399,
  "GW": 0.0,
  "GY": -0.05863695258291724,
  "HA": 0.0,
  "HC": 0.2695631044050766,
  "HD": -0.23016112746806894,
  "HE": 0.0,
  "HF": 0.618586561219737,
  "HG": -0.009597566782143267,
  "HH": -0.6251974816003795,
  "HI": 0.014180964421166693,
  "HK": 0.0,
  "HL": 0.11903790878251617,
  "HM": -0.0,
  "HN": 0.0346957812065271,
  "HP": -0.21342432058049254,
  "HQ": 0.11379657361372106,
  "HR": -0.01793592259162553,
  "HS": 0.037915336353856674,
  "HT": -0.02221298740442082,
  "HV": -0.04615917080858285,
  "HW": 0.13022864366985734,
  "HY": 0.24459073454871985,
  "IA": 0.029000779660670446,
  "IC": 0.026721871049304697,
  "ID": -0.07124041287731528,
  "IE": -0.0030442974102191404,
  "IF": 0.2896301777348108,
  "IG": -0.271958219674492,
  "IH": -0.1176275366316905,
  "II": -0.04272960599645419,
  "IK": -0.11447879554074246,
  "IL": -0.22282327161345802,
  "IM": 0.09236693516344587,
  "IN": 0.24919945023157,
  "IP": 0.05289904974923936,
  "IQ": -0.03258222900129997,
  "IR": -0.0,
  "IS": -0.49555929407996296,
  "IT": 0.0025641699455958154,
  "IV": -0.00843736541587365,
  "IW": -0.25868764674011197,
  "IY": 0.012339180984789928,
  "KA": 0.11232965583309132,
  "KC": 0.0,
  "KD": 0.03980778187811256,
  "KE": 0.5234598028459833,
  "KF": -0.13743827240124878,
  "KG": -0.19884498570776127,
  "KH": 0.1318358574782631,
  "KI": -0.26143759402477573,
  "KK": -0.06099823112051394,
  "KL": 0.07918035767553509,
  "KM": -0.05692202456203716,
  "KN": 0.17665877452009504,
  "KP": 0.042808921798807985,
  "KQ": 0.08375827574779382,
  "KR": -0.2663622491386424,
  "KS": 0.05263891830368108,
  "KT": 0.03386745645349082,
  "KV": 0.3578933330491544,
  "KW": 0.030860984336332015,
  "KY": -0.2594375075766759,
  "LA": -0.043521411531378194,
  "LC": 0.19866879861496006,
  "LD": -0.15181957150837283,
  "LE": -0.045897815861745524,
  "LF": -0.34320511153043726,
  "LG": -0.0,
  "LH": -0.008196192123798747,
  "LI": 0.026944347105550014,
  "LK": -0.15055888695087222,
  "LL": -0.0013844813249858706,
  "LM": -0.013882557615854677,
  "LN": -0.10483960645068285,
  "LP": 0.03593763422668017,
  "LQ": -0.11293236151603499,
  "LR": 0.014036662452591673,
  "LS": -0.28005108219347363,
  "LT": 0.0,
  "LV": -0.27845062100335477,
  "LW": -0.01910496658840527,
  "LY": -0.43681742120724043,
  "MA": -0.19257375740235547,
  "MC": -0.0,
  "MD": -0.6200288716035697,
  "ME": -0.06923770234689124,
  "MF": 0.0,
  "MG": 0.051220263680693545,
  "MH": -0.27559292035398225,
  "MI": -0.10227556292351712,
  "MK": 0.218088610351096,
  "ML": -0.20147519199481922,
  "MM": 0.22182077293088498,
  "MN": -0.0965544847061914,
  "MP": -0.28530765226444565,
  "MQ": -0.5100541299705722,
  "MR": -0.3595810165446261,
  "MS": -0.324792822658552,
  "MT": -0.991,
  "MV": 0.01813821306019249,
  "MW": -0.33999999999999997,
  "MY": -0.859,
  "NA": 0.07930126919212185,
  "NC": 0.6569051833122631,
  "ND": -0.0,
  "NE": 0.24210234645253606,
  "NF": -0.4882326916729462,
  "NG": 0.009980626575715417,
  "NH": 0.46091609670957484,
  "NI": 0.004463984106917107,
  "NK": 0.6660497416208848,
  "NL": -0.0,
  "NM": -0.658932021944119,
  "NN": 0.34895773884775155,
  "NP": -0.17095823468566834,
  "NQ": -0.4603118059009831,
  "NR": 0.4904320839477872,
  "NS": 0.08720552645837097,
  "NT": -0.0,
  "NV": 0.19893777819687655,
  "NW": -0.604282177618878,
  "NY": 0.0,
  "PA": -0.0861069863462542,
  "PC": -0.23224489795918363,
  "PD": 0.14554196767202454,
  "PE": 0.48013070436322386,
  "PF": -0.009687581935429047,
  "PG": -0.2642423435233088,
  "PH": 0.0,
  "PI": 0.2438013894551516,
  "PK": -0.0,
  "PL": -0.0,
  "PM": -0.1396466799109024,
  "PN": 0.10247236354037868,
  "PP": 0.4471075823365871,
  "PQ": 0.40261950671765434,
  "PR": 0.15484255634508914,
  "PS": 0.03412875389023613,
  "PT": 0.06293564543792832,
  "PV": -0.042330612244897946,
  "PW": 0.2237371510987544,
  "PY": -0.0435598797280213,
  "QA": -0.04478731237908726,
  "QC": -0.0,
  "QD": -0.009511005200950952,
  "QE": -0.0854578391213155,
  "QF": 0.08468790375237908,
  "QG": 0.01417460276507209,
  "QH": -0.11838804026501147,
  "QI": 0.0,
  "QK": 0.031041750303155383,
  "QL": -0.17396483007963578,
  "QM": -0.6801506166880567,
  "QN": 0.057631812385346745,
  "QP": 0.19809109029663657,
  "QQ": -0.01233398626301715,
  "QR": -0.007109006940323533,
  "QS": 0.22997991136549928,
  "QT": 0.013196068553178118,
  "QV": 0.19563355607729832,
  "QW": -0.403617475167058,
  "QY": -0.6155472448391829,
  "RA": 0.24668432913758054,
  "RC": -0.8240000000000001,
  "RD": 0.045144578480991605,
  "RE": -0.28772480185084,
  "RF": -0.0,
  "RG": -0.25705427162579586,
  "RH": 1.0162609047921718,
  "RI": -0.11563999713240697,
  "RK": 0.21621732051018994,
  "RL": 0.0018591522870854689,
  "RM": 0.0,
  "RN": -0.10912848325170774,
  "RP": -0.03104968328436247,
  "RQ": -0.25193715008127143,
  "RR": -0.061193080850632256,
  "RS": 0.004399834047115979,
  "RT": 0.12409124977424602,
  "RV": -0.07129830339215329,