{
  "B": -0.10585246497817993,
  "C": -0.012912762852404638,
  "E": -0.003113963322344316,
  "G": 0.06801529285391225,
  "H": -0.07718422027223175,
  "I": -0.0079603871399306,
  "P": -0.16257306062281193,
  "S": 0.052741794750278403,
  "T": 0.2483807764647534
}