{
  "B": -0.10678346173029793,
  "C": -0.012973322378616092,
  "E": -0.003226030050430146,
  "G": 0.06552459125746837,
  "H": -0.07716137359117155,
  "I": -0.00853416246480815,
  "P": -0.15978919658601015,
  "S": 0.05233262389424761,
  "T": 0.24819626705189557
}