{
  "B": -0.09635859388684159,
  "C": -0.01681761518797183,
  "E": 0.006720800011034683,
  "G": 0.005370356018536859,
  "H": -0.08846955669781664,
  "I": -0.08062571488859212,
  "P": -0.1384084674178872,
  "S": 0.05870464642609373,
  "T": 0.2523446981247439
}