{
  "A": -0.34365184109805985,
  "B": 0.004712659019245418,
  "C": 0.09456534827200211,
  "D": 0.10812956812746756,
  "E": -0.0,
  "F": -0.035416491032098964,
  "G": 0.15323037514354973,
  "H": 0.04504536667218111,
  "I": 0.0017004117384805026,
  "J": 0.016329961927872182,
  "K": -0.06378298339288839,
  "L": 0.055707846648059334,
  "M": 0.15869898580121702,
  "N": 0.10138011800464869,
  "O": -0.05396769884638737,
  "P": -0.10982629125582682,
  "Q": 0.16228055602644514,
  "R": 0.10375007942346924,
  "S": 0.1597567983834756,
  "T": 0.06509316461778729,
  "U": -0.03460403484478104,
  "V": 0.07254482310093653,
  "W": 0.16393216478510592
}