{
  "A": -0.6268862979372649,
  "B": -0.027444945600133067,
  "C": 0.09463833670264585,
  "D": 0.009176036612033166,
  "E": -0.07607119285528824,
  "F": 0.1407424422679322,
  "G": 0.0717557636076372,
  "H": 0.04659865647179635,
  "I": -0.11902640471416007,
  "J": -0.025099354998762907,
  "K": 0.011241664867979683,
  "L": 0.022940723264751835,
  "M": 0.18694178874634632,
  "N": 0.05978904539571715,
  "O": 0.6790079002113938,
  "P": 0.07114531005706089,
  "Q": -0.005034044995116474,
  "R": 0.13211882684718423,
  "S": 0.22168557896441696,
  "T": 0.09687304325020492,
  "U": 0.27718162919623246,
  "V": 0.007172832038969295,
  "W": 0.16685746931315454
}