{
  "A": -0.6396600638057381,
  "B": -0.008284203332241488,
  "C": 0.11621315142731907,
  "D": 0.0,
  "E": -0.08355927019382586,
  "F": 0.13457043621887133,
  "G": 0.08359734641752037,
  "H": 0.04433966282237726,
  "I": -0.11557292293023375,
  "J": -0.033433844631645754,
  "K": 0.017056949349180096,
  "L": 0.015439646905579628,
  "M": 0.20540693754487593,
  "N": 0.18681180066558203,
  "O": 0.6546677467696835,
  "P": 0.08320462400316422,
  "Q": -0.0012910816153842229,
  "R": 0.12035012169229165,
  "S": 0.20178550188942712,
  "T": 0.12582806330391394,
  "U": 0.2831380509350221,
  "V": -0.0,
  "W": 0.15685243551711986
}