{
  "A": -0.07249224182738025,
  "B": 0.056466178850270374,
  "C": -0.020530578841130125,
  "D": 5.967272311508076e-05,
  "E": -0.00814096312560137,
  "F": 0.2638441800275656,
  "G": 0.08451780982399026,
  "H": 0.0,
  "I": 0.027030530553524005,
  "J": 0.02402108673555243,
  "K": 0.1666050676266898,
  "L": -0.0004858864781043963,
  "M": -0.02082217261019847,
  "N": 0.19545770093614215,
  "O": 0.24787976876021303,
  "P": -0.00996741171112348,
  "Q": 0.06972726660597423,
  "R": 0.0045170740617497766,
  "S": 0.16965498161937748,
  "T": 0.0011907155275385807,
  "U": 0.12835793826977562,
  "V": -0.04015678788356527,
  "W": -0.047351593564758064
}