{
  "A": -0.08223483256363062,
  "B": 0.030748673195325867,
  "C": -0.004510709634282253,
  "D": 0.004118554145603893,
  "E": -0.005206948285424165,
  "F": 0.25014478342826996,
  "G": 0.08048156212313086,
  "H": 0.0,
  "I": 0.027995738156720153,
  "J": 0.03528676169254955,
  "K": 0.15791582741533802,
  "L": 0.0,
  "M": -0.026002853014554496,
  "N": 0.18491088541686665,
  "O": 0.22376899003455308,
  "P": -0.009761846998122898,
  "Q": 0.058869376022302564,
  "R": 0.0,
  "S": 0.1617468453244839,
  "T": 0.0,
  "U": 0.15203558543040585,
  "V": -0.034272843786486734,
  "W": -0.03828118610022789
}