{
  "A": 0.11256651633319212,
  "B": -0.17740700799066964,
  "C": 0.010796933630295512,
  "D": 0.012467946697347475,
  "E": 0.0044828474792494724,
  "F": -0.04132789432217302,
  "G": -0.02700886994833939,
  "H": -0.021131683489614594,
  "I": -0.037523904865914316,
  "J": 0.09659589833132001,
  "K": 0.1748462681894588,
  "L": 0.10915272785579701,
  "M": 0.023371706283397794,
  "N": -0.0008486214030643829,
  "O": -0.03396773436865639,
  "P": -0.013394632560567587,
  "Q": 0.028676201856411846,
  "R": 9.568087300951675e-05,
  "S": -0.07760049372796636,
  "T": -0.09109321576020914,
  "U": 0.000688772346125858,
  "V": 0.24623060605195832,
  "W": 0.1802117105781082
}