{
  "A": -0.01707256430922671,
  "C": 0.055402300579679785,
  "D": 0.12413021363967916,
  "E": 0.0384902922903912,
  "F": 0.0008372807460122903,
  "G": 0.00035648655646563376,
  "H": 0.007812607291736008,
  "I": -0.04320305381313528,
  "K": 0.03343815716400596,
  "L": -0.061602465311430744,
  "M": -0.2622942229719251,
  "N": 0.03607715829892743,
  "P": 0.036551773616657894,
  "Q": -0.0030860542852061365,
  "R": 0.0,
  "S": -0.039011052013563696,
  "T": 0.001750502904581763,
  "V": 0.0036228799741258337,
  "W": 0.01324879117680622,
  "Y": -0.0524283184517629
}