{
  "A": -0.010161881790507324,
  "C": 0.033495454961730994,
  "D": 0.12271964312651511,
  "E": 0.04812097422238915,
  "F": 0.005253673267746861,
  "G": 0.003532033379612479,
  "H": 0.00046204814564327636,
  "I": -0.04395116915199643,
  "K": 0.031142226236865408,
  "L": -0.07210612899524903,
  "M": -0.2576046459276829,
  "N": 0.05521741333058852,
  "P": 0.029291896271122157,
  "Q": -0.004455581514759078,
  "R": -0.02893078724022374,
  "S": -0.02528514628786223,
  "T": 0.009622211177485298,
  "V": 0.000624869398676099,
  "W": 0.0,
  "Y": -0.017057983470879102
}