{
  "A": -0.021124844290657398,
  "C": 0.06773203939745073,
  "D": 0.11405525647058821,
  "E": 0.043483462907456055,
  "F": 0.0035424612278608493,
  "G": 0.002074977007522397,
  "H": 0.005590812983919004,
  "I": -0.046117210807768094,
  "K": 0.0417451236369222,
  "L": -0.06821706263873473,
  "M": -0.25507671366067086,
  "N": 0.05645020085590857,
  "P": 0.02893790412486061,
  "Q": -0.007209465425893238,
  "R": -0.00099590543638705,
  "S": -0.042544052468632895,
  "T": 0.002135756557034188,
  "V": 0.0023970493785182875,
  "W": 0.011019704858571953,
  "Y": -0.03773384546004923
}