{
  "A": -0.020231887346407403,
  "C": 0.06653315110800899,
  "D": 0.11342785768248934,
  "E": 0.044101697453698074,
  "F": 0.0037275720176667454,
  "G": 0.002036817775466016,
  "H": 0.005801285245965768,
  "I": -0.04817261863496264,
  "K": 0.042178449851984566,
  "L": -0.0680502109091348,
  "M": -0.2535425450726142,
  "N": 0.055475627058652464,
  "P": 0.029156485777136153,
  "Q": -0.007454216261336342,
  "R": -0.001003859289683182,
  "S": -0.04217790724524073,
  "T": 0.0023999094882303307,
  "V": 0.0022344694517102896,
  "W": 0.010291573561063644,
  "Y": -0.03615403711473319
}