{
  "A": -0.01021004236771352,
  "C": 0.032996586483577554,
  "D": 0.12309455038657575,
  "E": 0.04716690286234179,
  "F": 0.004940954620857166,
  "G": 0.003864970952280869,
  "H": 0.0005260240427323455,
  "I": -0.043892253375653265,
  "K": 0.03128684957852268,
  "L": -0.07172622315228143,
  "M": -0.25734574678604705,
  "N": 0.05492292045949205,
  "P": 0.030844470278425445,
  "Q": -0.004534093964358357,
  "R": -0.027323521282433528,
  "S": -0.02456873380970613,
  "T": 0.00915155954380395,
  "V": 0.0005953944270404339,
  "W": 0.0,
  "Y": -0.01657747689423462
}